
DROP TABLE IF EXISTS `Courses`;
CREATE TABLE `Courses` (
  `CRN` varchar(30) NOT NULL,
  `Major` varchar(40) NOT NULL,
  `CDescription` text,
  `Credit_Hours` int NOT NULL,
  `Engaging` decimal(2,1) DEFAULT NULL,
  `Support` decimal(2,1) DEFAULT NULL,
  `ContentQuality` decimal(2,1) DEFAULT NULL,
  `Difficulty` decimal(2,1) DEFAULT NULL,
  `Grading` decimal(2,1) DEFAULT NULL,
  `Workload` decimal(2,1) DEFAULT NULL,
  `CName` varchar(60) NOT NULL,
  PRIMARY KEY (`CRN`)
) ENGINE=InnoDB DEFAULT CHARSET=utf8mb4 COLLATE=utf8mb4_0900_ai_ci;

INSERT INTO `Courses` VALUES ('CSCE000/1102','CSCE',NULL,1,1.3,2.0,1.2,1.2,3.0,3.0,'Fundamentals of Computing II Lab'),('CSCE000/2203','CSCE',NULL,1,4.7,5.0,2.5,4.6,3.0,3.2,'Analysis and Design of Algorithms Lab'),('CSCE000/2211','CSCE',NULL,3,3.3,4.7,4.5,1.2,3.1,4.3,'Applied Data Structures'),('CSCE000/3402','CSCE',NULL,1,3.9,1.2,3.0,2.0,4.2,3.0,'Operating Systems Lab'),('CSCE000/4303','CSCE',NULL,3,3.0,3.1,3.4,2.0,3.5,4.5,'Embedded Systems on Chip Design'),('CSCE000/4315','CSCE',NULL,3,2.0,3.6,4.2,3.1,3.2,2.6,'Internet of Things Networking Protocols'),('CSCE000/4603','CSCE',NULL,3,4.3,5.0,3.4,1.2,4.2,4.5,'Fundamentals of Computer Vision'),('CSCE000/4604','CSCE',NULL,3,2.3,2.2,3.2,2.3,3.2,3.2,'Practical Machine Deep Learning'),('CSCE000/5243','CSCE',NULL,3,2.3,3.2,3.2,4.8,4.8,3.5,'Information and System Security'),('CSCE000/5245','CSCE',NULL,3,1.2,2.4,2.3,3.2,3.2,2.7,'Embedded Real-Time Systems'),('CSCE102/1000','CSCE',NULL,2,3.5,3.0,3.2,4.3,2.8,4.0,'Introduction to Computers and their Applications'),('CSCE106/1001','CSCE',NULL,3,3.2,4.1,4.2,2.3,5.0,3.0,'Fundamentals of Computing I'),('CSCE110/1101','CSCE',NULL,3,3.2,3.0,3.1,2.2,2.4,4.1,'Fundamentals of Computing II'),('CSCE201/2502','CSCE',NULL,2,1.9,2.4,3.0,3.0,2.0,3.5,'Information Technology'),('CSCE230/2301','CSCE',NULL,3,2.3,3.0,2.0,2.5,3.0,4.8,'Digital Design I'),('CSCE231/2303','CSCE',NULL,3,2.2,3.0,4.1,2.0,3.0,4.7,'Computer Organization and Assembly Language Programming'),('CSCE239L/2302','CSCE',NULL,1,2.0,2.5,3.0,3.0,4.1,2.8,'Digital Design I Lab '),('CSCE253/2501','CSCE',NULL,3,1.2,2.0,3.0,3.0,2.0,3.5,'Fundamentals of Database Systems '),('CSCE315/3101','CSCE',NULL,3,4.1,3.4,3.5,2.3,2.2,2.5,'Programming Language'),('CSCE316/3102','CSCE',NULL,3,3.2,2.3,2.8,4.6,3.1,3.5,'Programming in Java'),('CSCE317/3103','CSCE',NULL,3,4.6,4.3,4.1,2.5,2.6,3.2,'Object Oriented Programming'),('CSCE321/2202','CSCE',NULL,3,4.5,3.0,3.0,3.4,2.5,2.0,'Analysis and Design of Algorithms'),('CSCE325/3104','CSCE',NULL,3,1.4,2.5,2.2,4.1,3.2,3.1,'Concepts of Programming Languages'),('CSCE330/3301','CSCE',NULL,3,4.2,3.0,1.6,3.0,3.5,2.8,'Computer Architecture'),('CSCE332/3303','CSCE',NULL,3,3.1,1.2,1.2,4.2,4.2,2.0,'Fundamental Microelectronics'),('CSCE333/3311','CSCE',NULL,3,2.3,2.4,3.4,3.5,3.6,3.6,'Data and Computer Communications'),('CSCE337/3304','CSCE',NULL,3,3.4,3.4,3.2,2.5,2.4,2.4,'Digital Design II '),('CSCE339L/3302','CSCE',NULL,1,4.5,2.0,3.0,2.0,3.6,5.0,'Computer Architecture Lab'),('CSCE341/3701','CSCE',NULL,3,4.7,4.5,1.2,3.4,4.5,2.0,'Software Engineering'),('CSCE342/3421','CSCE',NULL,3,3.4,3.4,2.0,4.5,3.5,2.5,'Fundamentals of Computing and Communication Systems'),('CSCE345/3401','CSCE',NULL,3,2.3,3.0,2.5,3.0,1.5,2.4,'Operating Systems'),('CSCE346/3422','CSCE',NULL,3,1.2,1.3,3.0,3.5,4.1,3.0,'Introduction to Information Security'),('CSCE363/3611','CSCE',NULL,3,2.4,3.0,2.3,3.0,3.0,4.1,'Digital Signal Processing'),('CSCE401/4503','CSCE',NULL,3,4.1,3.2,2.4,2.7,3.2,2.0,'Internet-based Information Systems'),('CSCE422/4201','CSCE',NULL,3,1.2,1.9,4.6,4.2,3.4,3.5,'Theory of Computing '),('CSCE427/4602','CSCE',NULL,3,3.4,2.4,5.0,4.5,4.1,1.8,'Introduction to Artificial Neural Networks'),('CSCE432/4301','CSCE',NULL,3,3.6,2.0,4.3,4.1,2.0,3.4,'Embedded Systems'),('CSCE435/3312','CSCE',NULL,3,4.3,1.5,3.1,3.2,1.5,1.5,'Computer Networks'),('CSCE436L/4314','CSCE',NULL,1,3.0,3.4,1.5,3.5,4.5,3.1,'Local Area Networks Lab'),('CSCE437/4313','CSCE',NULL,3,4.1,2.6,3.6,3.2,1.8,2.2,'Local and Metropolitan Area Networks'),('CSCE438L/4302','CSCE',NULL,1,1.5,2.2,1.2,3.0,3.2,1.2,'Embedded Systems Lab'),('CSCE439L/3313','CSCE',NULL,1,1.2,3.0,3.1,2.0,3.0,4.2,'Computer Networks Lab'),('CSCE441/4701','CSCE',NULL,3,3.6,2.6,4.6,4.3,3.5,2.4,'Object-Oriented Analysis and Design'),('CSCE445/4411','CSCE',NULL,3,2.2,1.5,3.5,2.8,3.2,4.2,'Fundamentals of Distributed Systems '),('CSCE446/4421','CSCE',NULL,3,3.1,4.2,4.1,2.3,2.4,4.1,'Computer Security'),('CSCE447/4101','CSCE',NULL,3,2.3,4.7,3.4,2.5,3.5,4.5,'Compiler Design '),('CSCE448/4702','CSCE',NULL,3,1.2,4.2,3.5,2.3,4.7,5.0,'Secure Systems Engineering '),('CSCE453/4501','CSCE',NULL,3,2.6,3.5,3.2,4.6,5.0,3.4,'Database Systems'),('CSCE455/4621 ','CSCE',NULL,3,4.7,4.3,2.3,4.5,4.4,3.2,'Computer Graphics '),('CSCE456/4502','CSCE',NULL,3,4.2,4.1,3.2,3.5,3.4,4.3,'Design of Web-based Systems'),('CSCE465/3601','CSCE',NULL,3,3.4,4.1,3.4,2.0,4.1,3.5,'Fundamentals of Artificial Intelligence'),('CSCE485/4930','CSCE',NULL,3,2.2,2.3,1.2,1.1,2.8,2.6,'Selected Topics in Computer Science and Engineering'),('CSCE490/4950','CSCE',NULL,1,2.3,2.3,2.3,3.5,2.5,3.4,'Industrial Training'),('CSCE491/4980','CSCE',NULL,1,2.2,2.0,2.0,3.1,4.2,2.5,'Senior Project I '),('CSCE492/4981','CSCE',NULL,2,3.5,3.1,4.5,2.8,2.5,4.2,'Senior Project II '),('CSCE495/4910','CSCE',NULL,3,4.4,4.5,2.7,2.2,3.5,2.2,'Guided Studies in Computer Science and Engineering'),('CSCE525/5221','CSCE',NULL,3,1.1,1.2,4.8,2.3,2.3,4.2,'Algorithms and Complexity Theory '),('CSCE527/5262','CSCE',NULL,3,4.6,3.2,4.7,2.3,2.8,1.2,'Neural Networks and Genetic Algorithms'),('CSCE529/5222','CSCE',NULL,3,1.2,2.3,4.5,4.6,4.6,3.4,'Design and Analysis of Parallel Algorithms'),('CSCE530/5231','CSCE',NULL,3,2.3,2.2,3.2,3.5,3.5,2.4,'Advanced Processor Architecture'),('CSCE532/5242','CSCE',NULL,3,4.5,3.2,5.0,1.2,1.2,4.6,'Parallel Computer Architecture'),('CSCE535/5232','CSCE',NULL,3,4.3,1.8,3.2,2.7,2.7,1.1,'Advanced Network Modelling'),('CSCE545/5241','CSCE',NULL,3,1.2,4.5,2.4,4.5,4.5,2.3,'Distributed Systems'),('CSCE565/5261','CSCE',NULL,3,4.6,5.0,2.3,1.4,1.4,4.5,'Advanced Artificial Intelligence'),('FINC000/5230','FINC',NULL,3,4.1,4.5,1.1,1.4,3.0,4.6,'Statistical and numerical methods'),('FINC000/5320','FINC',NULL,3,1.2,4.6,3.0,3.2,3.4,4.2,'Financial Computing'),('FINC303/2101','FINC',NULL,3,2.3,2.3,3.6,4.6,4.2,4.8,'Business Finance I'),('FINC404/3201','FINC',NULL,3,4.3,4.5,1.2,3.5,4.6,3.2,'Investment Analysis'),('FINC405/3401','FINC',NULL,3,3.4,1.2,3.3,4.5,5.0,2.3,'Applied Banking'),('FINC512/5313','FINC',NULL,3,3.0,4.3,2.3,3.4,3.2,3.4,'Options and Derivatives'),('FINC513/5331','FINC',NULL,3,2.0,2.3,4.5,4.6,2.3,3.2,'Fixed Income Securities'),('FINC514/5353','FINC',NULL,3,2.3,3.2,3.2,4.1,2.3,2.3,'Financial Risk Analysis'),('FINC516/5314','FINC',NULL,3,3.2,4.4,4.7,2.3,4.5,4.1,'Real Estate Finance'),('FINC517/5352','FINC',NULL,3,4.5,1.4,4.6,3.0,4.3,3.2,'Financial Modeling'),('FINC518/5315','FINC',NULL,3,3.5,3.3,2.3,4.3,4.3,4.2,'Islamic Finance'),('FINC527/5201','FINC',NULL,3,1.2,2.3,4.4,2.7,4.8,1.4,'Managerial Economics'),('FINC535/5204','FINC',NULL,3,2.5,4.6,2.2,1.2,2.4,4.5,'Applied Financial Econometrics'),('FINC540/5202','FINC',NULL,3,3.4,2.1,1.1,4.8,3.0,2.3,'Financial Management'),('FINC541/5203','FINC',NULL,3,4.6,2.3,1.2,3.2,2.5,1.2,'Investments and Portfolio Management'),('FINC542/5311','FINC',NULL,3,4.1,2.2,1.2,1.2,2.3,3.2,'International Financial Management'),('FINC543/5312','FINC',NULL,3,2.2,1.1,2.3,4.5,2.2,4.4,'Financial Institutions and Markets'),('FINC544/5351','FINC',NULL,3,2.3,3.4,4.1,2.0,1.2,2.8,'Advanced Corporate Finance'),('FINC545/5333','FINC',NULL,3,3.5,4.1,2.2,2.3,1.2,3.5,'Private Equity and Venture Capital'),('FINC570/5370','FINC',NULL,3,4.1,3.0,3.5,1.2,3.4,2.3,'Selected Topics in Financial Management'),('FINC575/5375','FINC',NULL,3,3.2,2.0,4.1,4.6,4.6,3.4,'Independent Study in Financial Management'),('FINC590/5402','FINC',NULL,3,4.6,2.3,2.2,3.5,2.5,4.6,'Research Methodology'),('FINC599/5401','FINC',NULL,9,2.1,1.2,1.7,4.1,3.4,4.8,'Thesis');

DROP TABLE IF EXISTS `Instructors`;
CREATE TABLE `Instructors` (
  `ID` varchar(10) NOT NULL,
  `First_Name` varchar(25) NOT NULL,
  `Last_Name` varchar(25) NOT NULL,
  `Grading` decimal(2,1) DEFAULT NULL,
  `TeachingStyle` decimal(2,1) DEFAULT NULL,
  `Flexibility` decimal(2,1) DEFAULT NULL,
  `Availability` decimal(2,1) DEFAULT NULL,
  `Department` varchar(50) NOT NULL,
  PRIMARY KEY (`ID`)
) ENGINE=InnoDB DEFAULT CHARSET=utf8mb4 COLLATE=utf8mb4_0900_ai_ci;

INSERT INTO `Instructors` VALUES ('900032789','Amr','Hassanein',2.3,3.4,4.7,4.7,'Construction'),('900111865','Islam','Azzam',3.6,2.3,4.1,4.1,'Management'),('900112383','Nouri','Sakr',4.8,4.2,3.4,4.5,'Computer Science and Engineering'),('900122211','Tamer','ElBatt',4.1,4.8,3.4,3.3,'Computer Science and Engineering'),('900122544','Ahmed','Rafea',4.5,4.2,2.3,4.3,'Computer Science and Engineering'),('900132415','Tarek','IbrahimEldomiaty',3.4,4.4,1.2,4.8,'Management'),('900138965','Nourhan','Eid',3.7,4.5,3.4,3.1,'Management'),('900139850','Ahmed','SabryAbou-Zaid',3.9,4.5,4.8,4.8,'Economics'),('900142098','Rim','Cherif',4.6,3.2,4.4,3.6,'Management'),('900145327','Howaida','Ismail',3.3,4.3,2.1,4.7,'Computer Science and Engineering'),('900150987','Eskandar','Tooma',2.3,2.1,3.2,3.9,'Management'),('900153788','Moustafa','AminYoussef',4.1,2.9,4.9,2.1,'Computer Science and Engineering'),('900154324','Sally','ElGhamrawy',3.2,2.3,3.5,4.8,'Computer Science and Engineering'),('900154326','Mohamed','Sedky',4.2,3.8,4.7,2.3,'Computer Science and Engineering'),('900155263','Sherif','El-Kassas',4.3,4.7,2.1,3.4,'Computer Science and Engineering'),('900162232','Hossam','Sharara',4.4,4.5,2.7,4.2,'Computer Science and Engineering'),('900164321','Mohamed','Shalan',4.5,4.3,3.6,4.1,'Computer Science and Engineering'),('900176752','Amr','ElMougy',4.4,4.7,3.6,3.4,'Computer Science and Engineering'),('900189992','Sherif','Aly',4.4,4.6,2.7,3.4,'Computer Science and Engineering'),('900198277','Cherif','Salama',3.4,3.7,2.1,2.7,'Computer Science and Engineering'),('900201100','Alia','ElBolock',3.2,2.3,4.4,3.7,'Computer Science and Engineering'),('900210389','Wael','Abdallah',4.2,2.1,4.5,2.3,'Management'),('900211827','Amr','El-Kadi',3.2,3.2,2.2,4.6,'Computer Science and Engineering'),('900212233','Mohamed','Moustafa',3.2,4.8,4.6,4.6,'Computer Science and Engineering'),('900217666','Mikhail','Mikhail',2.1,3.3,3.2,3.6,'Computer Science and Engineering'),('900221448','Seif','Eldawlatly',1.2,3.4,4.3,2.3,'Computer Science and Engineering'),('900223121','Amr','Goneid',4.3,4.1,2.1,3.2,'Computer Science and Engineering'),('900230443','Marina','Apaydin',2.3,2.1,3.1,3.5,'Management'),('900233638','Jasmin','Fouad',4.8,1.2,3.2,2.3,'Management'),('900237980','Hakim','Meshreki',2.0,2.3,4.8,4.8,'Management'),('900238986','Medhat','Hassanein',4.7,3.4,4.4,2.0,'Management');

DROP TABLE IF EXISTS `Users`;
CREATE TABLE `Users` (
  `Email` varchar(60) NOT NULL,
  `FullName` varchar(50) NOT NULL,
  `Minor` varchar(50) DEFAULT NULL,
  `Major` varchar(100) NOT NULL,
  `University` varchar(60) NOT NULL,
  `Standing` varchar(15) NOT NULL,
  PRIMARY KEY (`Email`)
) ENGINE=InnoDB DEFAULT CHARSET=utf8mb4 COLLATE=utf8mb4_0900_ai_ci;

INSERT INTO `Users` VALUES ('ahmedmohamed@aucegypt.edu','Ahmed',NULL,'Finance','The American University In Cairo','Senior'),('faridaabdelnaby@aucegypt.edu','Farida',NULL,'Construction Engineering','The American University In Cairo','Freshman'),('hanah-salama@aucegypt.edu','Hanah',NULL,'Finance','The American University In Cairo','Freshman'),('karimtarek@aucegypt.edu','Karim',NULL,'Computer Engineering','The American University In Cairo','Junior'),('lailaamin@aucegypt.edu','Laila',NULL,'Marketing','The American University In Cairo','Senior'),('lina.y@aucegypt.edu','Lina','Mathematics','Computer Science','The American University In Cairo','Freshman'),('logy_17@aucegypt.edu','Logy','Mathematics','Computer Engineering','The American University In Cairo','Junior'),('mahmoudelkady@aucegypt.edu','Mahmoud','Visual Arts','Finance','The American University In Cairo','Junior'),('malaksafwat@aucegypt.edu','Malak',NULL,'Computer Science and Mathematics','The American University In Cairo','Freshman'),('malekmostafa@aucegypt.edu','Malek','Interactive Media Design','Computer Science','The American University In Cairo','Senior'),('mariam_samy@aucegypt.edu','Mariam',NULL,'Computer Engineering','The American University In Cairo','Freshman'),('marwankhaled@aucegypt.edu','Marwan','Computer Science','Data Science','The American University In Cairo','Senior'),('mohamed.m@aucegypt.edu','Mohamed','Business','Computer Science','The American University In Cairo','Junior'),('mostafa_m@aucegypt.edu','Mostafa',NULL,'Finance','The American University In Cairo','Senior'),('omar.a@aucegypt.edu','Omar',NULL,'Computer Engineering and Mathematics','The American University In Cairo','Junior'),('safwatjr@aucegypt.edu','Safwat',NULL,'Computer Engineering','The American University In Cairo','Freshman'),('salma_ali@aucegypt.edu','Salma',NULL,'Finance','The American University In Cairo','Junior'),('salmamohamed@aucegypt.edu','Salma','Film','Finance','The American University In Cairo','Sophmore'),('samehamr@aucegypt.edu','Sameh',NULL,'Management of Information and Communication Technology','The American University In Cairo','Junior'),('sarah.yassin@aucegypt.edu','Sarah','Economics','Computer Engineering','The American University In Cairo','Junior'),('seifali@aucegypt.edu','Seif',NULL,'Computer Engineering','The American University In Cairo','Freshman'),('shahdamr@aucegypt.edu','Shahd','Interactive Media Design','Psychology','The American University In Cairo','Sophmore'),('yasminayasser@aucegypt.edu','Yasmina',NULL,'Chemsitry','The American University In Cairo','Sophmore'),('yasseryassin@aucegypt.edu','Yasser','Computer Science','Electronics Engineering','The American University In Cairo','Sophmore'),('yasserzidan@aucegypt.edu','Yasser',NULL,'Finance','The American University In Cairo','Freshman'),('yassin.y@aucegypt.edu','Yassin',NULL,'Accounting','The American University In Cairo','Senior'),('younesmohamed@aucegypt.edu','Younes',NULL,'Computer Science','The American University In Cairo','Senior'),('youssefhany@aucegypt.edu','Youssef','Business','Mechanical Engineering','The American University In Cairo','Freshman'),('zahed.a@aucegypt.edu','Zahed','Game Design','Computer Science','The American University In Cairo','Junior');


DROP TABLE IF EXISTS `Review`;
CREATE TABLE `Review` (
  `User_Major` varchar(100) NOT NULL,
  `RText` text,
  `User_Email` varchar(60) NOT NULL,
  `Semester` varchar(20) NOT NULL,
  `Inst_ID` varchar(10) DEFAULT NULL,
  `CRN` varchar(30) NOT NULL,
  `Grading` decimal(2,1) DEFAULT NULL,
  `TeachingStyle` decimal(2,1) DEFAULT NULL,
  `Flexibility` decimal(2,1) DEFAULT NULL,
  `Availability` decimal(2,1) DEFAULT NULL,
  `Engaging` decimal(2,1) DEFAULT NULL,
  `Support` decimal(2,1) DEFAULT NULL,
  `ContentQuality` decimal(2,1) DEFAULT NULL,
  `Difficulty` decimal(2,1) DEFAULT NULL,
  `Workload` decimal(2,1) DEFAULT NULL,
  PRIMARY KEY (`Semester`,`User_Email`,`CRN`),
  KEY `CRN` (`CRN`),
  KEY `User_Email` (`User_Email`),
  CONSTRAINT `review_ibfk_1` FOREIGN KEY (`CRN`) REFERENCES `Courses` (`CRN`) ON DELETE CASCADE ON UPDATE CASCADE,
  CONSTRAINT `review_ibfk_2` FOREIGN KEY (`User_Email`) REFERENCES `Users` (`Email`) ON DELETE CASCADE ON UPDATE CASCADE
) ENGINE=InnoDB DEFAULT CHARSET=utf8mb4 COLLATE=utf8mb4_0900_ai_ci;

INSERT INTO `Review` VALUES ('Computer Science and Mathematics','It is not easy  with this Professor if you don\'t have a computer science background.','malaksafwat@aucegypt.edu','Fall2019','900122211','CSCE106/1001',3.2,2.1,4.3,3.2,NULL,NULL,NULL,NULL,NULL),('Finance','For me, the course was very easy and doable with other courses. If you understand the concepts well,  its an easy A.','hanah-salama@aucegypt.edu','Fall2020',NULL,'FINC303/2101',3.3,NULL,NULL,NULL,2.3,1.2,3.3,1.3,2.2),('Electronics Engineering','I found it difficult as computer science is not my major.','yasseryassin@aucegypt.edu','Fall2020',NULL,'CSCE106/1001',2.1,NULL,NULL,NULL,2.2,4.2,4.4,3.3,4.5),('Computer Science','I understood the content very well from her explanation, would recommend taking the course with her.','lina.y@aucegypt.edu','Fall2021','900145327','CSCE106/1001',1.2,3.2,4.0,3.5,NULL,NULL,NULL,NULL,NULL),('Computer Engineering','For a lab, it is time-consuming, especially due to the final project needed in the course.','sarah.yassin@aucegypt.edu','Fall2021',NULL,'CSCE000/2203',4.5,NULL,NULL,NULL,3.3,4.2,3.9,1.1,3.5),('Computer Engineering','The content itself helps in having a clearer perspective of different computer science algorithms and the complexities behind them.','sarah.yassin@aucegypt.edu','Fall2021',NULL,'CSCE321/2202',4.4,NULL,NULL,NULL,3.5,3.2,4.2,3.3,4.2),('Computer Science','Course is easy if you are familiar with coding.','mohamed.m@aucegypt.edu','Fall2022',NULL,'CSCE106/1001',3.2,NULL,NULL,NULL,3.4,3.2,3.4,4.5,4.0),('Finance','Instructor is very lenient, her explaining is amazing, and she\'s a fair grader as well. Totally recommend her.','salma_ali@aucegypt.edu','Fall2023','900138965','FINC303/2101',4.4,4.5,2.2,2.5,NULL,NULL,NULL,NULL,NULL),('Computer Engineering','I believe that she is knowledgable and her explanation is good, but her exams are too hard.','karimtarek@aucegypt.edu','Spring2019','900145327','CSCE106/1001',3.4,4.0,3.8,4.1,NULL,NULL,NULL,NULL,NULL),('Computer Engineering and Mathematics','Getting familiar with C++ syntax is diffiduclt, but once  you do and you understand the content well it becomes easier.','omar.a@aucegypt.edu','Spring2019',NULL,'CSCE106/1001',3.2,NULL,NULL,NULL,3.6,1.2,2.1,4.2,4.4),('Finance','Fair grader and knowledgeable, but she is not always available during office hours which may bother some students.','ahmedmohamed@aucegypt.edu','Spring2020','900233638','FINC303/2101',2.1,4.7,3.2,4.2,NULL,NULL,NULL,NULL,NULL),('Computer Engineering','Exams are really easy so its an easy A course with him.','logy_17@aucegypt.edu','Spring2020','900217666','CSCE106/1001',4.4,3.0,4.2,3.3,NULL,NULL,NULL,NULL,NULL);

DROP TABLE IF EXISTS `Take`;
CREATE TABLE `Take` (
  `CRN` varchar(30) NOT NULL,
  `User_Email` varchar(60) NOT NULL,
  `Semester` varchar(20) NOT NULL,
  PRIMARY KEY (`CRN`,`User_Email`),
  KEY `User_Email` (`User_Email`),
  CONSTRAINT `take_ibfk_1` FOREIGN KEY (`CRN`) REFERENCES `Courses` (`CRN`) ON DELETE CASCADE ON UPDATE CASCADE,
  CONSTRAINT `take_ibfk_2` FOREIGN KEY (`User_Email`) REFERENCES `Users` (`Email`) ON DELETE CASCADE ON UPDATE CASCADE
) ENGINE=InnoDB DEFAULT CHARSET=utf8mb4 COLLATE=utf8mb4_0900_ai_ci;


INSERT INTO `Take` VALUES ('CSCE000/1102','malaksafwat@aucegypt.edu','Spring 2020'),('CSCE000/1102','omar.a@aucegypt.edu','Fall 2019'),('CSCE000/1102','safwatjr@aucegypt.edu','Spring 2020'),('CSCE000/1102','seifali@aucegypt.edu','Spring 2020'),('CSCE000/2203','omar.a@aucegypt.edu','Fall 2019'),('CSCE000/2203','sarah.yassin@aucegypt.edu','Fall 2021'),('CSCE000/2211','sarah.yassin@aucegypt.edu','Fall 2021'),('CSCE106/1001','karimtarek@aucegypt.edu','Spring 2019'),('CSCE106/1001','lina.y@aucegypt.edu','Fall 2021'),('CSCE106/1001','logy_17@aucegypt.edu','Spring 2020'),('CSCE106/1001','malaksafwat@aucegypt.edu','Fall 2019'),('CSCE106/1001','malekmostafa@aucegypt.edu','Spring 2022'),('CSCE106/1001','mariam_samy@aucegypt.edu','Fall 2021'),('CSCE106/1001','mohamed.m@aucegypt.edu','Fall 2022'),('CSCE106/1001','omar.a@aucegypt.edu','Spring 2019'),('CSCE106/1001','safwatjr@aucegypt.edu','Fall 2019'),('CSCE106/1001','sarah.yassin@aucegypt.edu','Spring 2021'),('CSCE106/1001','seifali@aucegypt.edu','Spring 2019'),('CSCE106/1001','yasseryassin@aucegypt.edu','Fall 2020'),('CSCE106/1001','younesmohamed@aucegypt.edu','Fall 2023'),('CSCE106/1001','zahed.a@aucegypt.edu','Spring 2020'),('CSCE110/1101','malaksafwat@aucegypt.edu','Spring 2020'),('CSCE110/1101','omar.a@aucegypt.edu','Fall 2019'),('CSCE110/1101','safwatjr@aucegypt.edu','Spring 2020'),('CSCE110/1101','seifali@aucegypt.edu','Spring 2020'),('CSCE230/2301','malaksafwat@aucegypt.edu','Fall 2020'),('CSCE230/2301','safwatjr@aucegypt.edu','Spring 2021'),('CSCE239L/2302','malaksafwat@aucegypt.edu','Fall 2020'),('CSCE239L/2302','safwatjr@aucegypt.edu','Spring 2021'),('CSCE315/3101','omar.a@aucegypt.edu','Spring 2020'),('CSCE316/3102','safwatjr@aucegypt.edu','Fall 2021'),('CSCE321/2202','omar.a@aucegypt.edu','Fall 2019'),('CSCE321/2202','sarah.yassin@aucegypt.edu','Fall 2021'),('FINC303/2101','ahmedmohamed@aucegypt.edu','Spring 2020'),('FINC303/2101','hanah-salama@aucegypt.edu','Fall 2020'),('FINC303/2101','mahmoudelkady@aucegypt.edu','Spring 2021'),('FINC303/2101','salma_ali@aucegypt.edu','Fall 2023'),('FINC303/2101','yasserzidan@aucegypt.edu','Fall 2022'),('FINC404/3201','ahmedmohamed@aucegypt.edu','Fall 2020'),('FINC404/3201','hanah-salama@aucegypt.edu','Spring 2021'),('FINC404/3201','salmamohamed@aucegypt.edu','Fall 2023'),('FINC405/3401','yasserzidan@aucegypt.edu','Spring 2023');

DROP TABLE IF EXISTS `Teach`;
CREATE TABLE `Teach` (
  `CRN` varchar(30) NOT NULL,
  `Inst_ID` varchar(10) NOT NULL,
  `Semester` varchar(20) NOT NULL,
  PRIMARY KEY (`CRN`,`Inst_ID`),
  KEY `Inst_ID` (`Inst_ID`),
  CONSTRAINT `teach_ibfk_1` FOREIGN KEY (`CRN`) REFERENCES `Courses` (`CRN`) ON DELETE CASCADE ON UPDATE CASCADE,
  CONSTRAINT `teach_ibfk_2` FOREIGN KEY (`Inst_ID`) REFERENCES `Instructors` (`ID`) ON DELETE CASCADE ON UPDATE CASCADE
) ENGINE=InnoDB DEFAULT CHARSET=utf8mb4 COLLATE=utf8mb4_0900_ai_ci;


INSERT INTO `Teach` VALUES ('CSCE000/2211','900223121','Fall2023'),('CSCE000/4604','900153788','Fall2023'),('CSCE106/1001','900112383','Fall2023'),('CSCE106/1001','900145327','Fall2023'),('CSCE106/1001','900201100','Fall2023'),('CSCE106/1001','900217666','Fall2023'),('CSCE110/1101','900145327','Fall2023'),('CSCE110/1101','900176752','Fall2023'),('CSCE230/2301','900164321','Fall2023'),('CSCE231/2303','900198277','Fall2023'),('CSCE253/2501','900162232','Fall2023'),('CSCE321/2202','900112383','Fall2023'),('CSCE330/3301','900198277','Fall2023'),('CSCE337/3304','900164321','Fall2023'),('CSCE341/3701','900154324','Fall2023'),('CSCE341/3701','900189992','Fall2023'),('CSCE345/3401','900211827','Fall2023'),('CSCE435/3312','900122211','Fall2023'),('CSCE490/4950','900162232','Fall2023');

